path,bytes,sha256
E:\Xiadie\Xiadie\.runtime\P01\desktop-source\apps\zcode-cli\package.json,1968,6c48017b05d8a7215c5bf7dea12f50edd1487bf5b8b22e11c21703d32e8f7742
E:\Xiadie\Xiadie\.runtime\P01\desktop-source\apps\zcode-cli\packages\bootstrap\src\app\create-app.ts,58768,06cae62bc396442bb33d17c430fba16ac99f8d9ddc0c887f36ea3b652e505626
E:\Xiadie\Xiadie\.runtime\P01\desktop-source\apps\zcode-cli\packages\contracts\src\events\in-memory-session-event-store.ts,5397,bc0d357e8bd5500945bb0fd037a0aa458787bf850b0fb912bb208f790b2b905a
E:\Xiadie\Xiadie\.runtime\P01\desktop-source\apps\zcode-cli\packages\contracts\src\events\session-event-retention.ts,3887,0f0d6695024f27d8e7b6932305e13b41fde429c3e56eecce146e3bdeee0534fc
E:\Xiadie\Xiadie\.runtime\P01\desktop-source\apps\zcode-cli\packages\contracts\src\events\session.events.ts,43213,be71c167c59c90dd67279a3ed5f50e9febbd8cc70b7cd00454f528c25bd73fb5
E:\Xiadie\Xiadie\.runtime\P01\desktop-source\apps\zcode-cli\packages\contracts\src\hooks\index.ts,12216,2a58284d0777e579067eae5f1e352c4d11e1908238d3d8ace88b2d4e0336b3ac
E:\Xiadie\Xiadie\.runtime\P01\desktop-source\apps\zcode-cli\packages\core\src\hooks\configured-runner-callback.ts,7419,8c16399932d4a894f4d3ffec34e0cf97d8666800a74793fea0929dabb41fe5e3
E:\Xiadie\Xiadie\.runtime\P01\desktop-source\apps\zcode-cli\packages\core\src\hooks\configured-runner-input.ts,5233,9004e5c185a0e38e4b42d0fa73769e251a08785859a29aa78bfa181912927432
E:\Xiadie\Xiadie\.runtime\P01\desktop-source\apps\zcode-cli\packages\core\src\hooks\runner.ts,15328,933405596c2724dff11702c12c488dc7d1a256273bdc5062616bf4a295b1c716
E:\Xiadie\Xiadie\.runtime\P01\desktop-source\apps\zcode-cli\packages\core\src\runtime\helpers\turn-errors.ts,8551,c02e73add81ce1d517efec6a4b43e809d3a2fd74f8bdcecd352de8c28785f6b9
E:\Xiadie\Xiadie\.runtime\P01\desktop-source\apps\zcode-cli\packages\core\src\runtime\methods\events.ts,24442,5d39b577321ec60e453f58be38477de92b734c3e9f830a94576fe72cb70ac496
E:\Xiadie\Xiadie\.runtime\P01\desktop-source\apps\zcode-cli\packages\core\src\runtime\methods\hooks.ts,4954,065d42feb6858a3a60bcd329c737ac9dedf521f3a3522f0ccc63975df1c22340
E:\Xiadie\Xiadie\.runtime\P01\desktop-source\apps\zcode-cli\packages\core\src\runtime\methods\tools.ts,9606,f0a0e5337d5632e3d4cc8e02a63def76b7dfc4b025e1d8156e5f0f8d62b2162f
E:\Xiadie\Xiadie\.runtime\P01\desktop-source\apps\zcode-cli\packages\core\src\runtime\methods\turn-stop.ts,8478,f0a220c4f8fbab6e2c0aa998ff5ad3ee9aacde0cdc82e8763b123f27c67b06aa
E:\Xiadie\Xiadie\.runtime\P01\desktop-source\apps\zcode-cli\packages\core\src\runtime\methods\turn.ts,36483,2070421417f5dfb97ac722d9c0fce0a4a647599332262cd99041b66a024485ee
E:\Xiadie\Xiadie\.runtime\P01\desktop-source\LICENSE,11344,606c36baf38b973227273df12a74930e4b4137280eea835c5cd623aa4553c13b
E:\Xiadie\Xiadie\AGENTS.md,1787,b6ab92bf4c41d1cbc44fede9c152614b38bc24e5de8c293a55db258735ef53f4
E:\Xiadie\Xiadie\evidence\P01-U06\20261002-01\commands\native-integration-01.json,1234,ceb443afa66d78c6882089af342fefd978ca533b036a4bb02545ec4f2eaa6e0a
E:\Xiadie\Xiadie\evidence\P01-U06\20261002-01\commands\native-integration-02.json,1234,8c52cabcffeaa0778f0462df8163f2c4cf64750d3a8ee9453638e905943104ca
E:\Xiadie\Xiadie\evidence\P01-U06\20261002-01\commands\native-positive-01.json,1187,5e3b2f9c0d4d06f3c042f90d30522a11cf61fa2e6697bfecb24829c5c02a33e8
E:\Xiadie\Xiadie\packages\adapters\zcode\src\host.ts,35854,3d76e104f12cd9995f33d1a031e73bac2121947c9e7c063a932deaf2725d6615
E:\Xiadie\Xiadie\packages\adapters\zcode\src\index.ts,508,41cbdbb09c588e89a7883237de9eb2af09fb965f7f543ca7cb9aad52cae201dd
E:\Xiadie\Xiadie\packages\adapters\zcode\test\contract.test.mjs,3003,4a502df5e212ab328f2b0e3e98c10bc4aa9dc1d496db8dd388fb022d77e06240
E:\Xiadie\Xiadie\packages\adapters\zcode\test\host.test.mjs,11039,3d8d1dda066de99180d792fdf2afe7cf0d277051c83a906d41af944bd6c4d1c9
E:\Xiadie\Xiadie\packages\adapters\zcode\test\native.integration.test.mjs,34314,83530e286072830eafeb67eede29c6266c7b17d5dede41a2b8d302442f3f8fd4
E:\Xiadie\Xiadie\packages\application\test\native-projection.integration.test.mjs,12796,d6886de8026243a18d3421ef3255ab0ce70f5c89b61d0faa3271804ff56d4446
E:\Xiadie\Xiadie\packages\application\test\turn-projection.test.mjs,10840,75770fff9256c78b5a30312ae3985a42ab2ae7c840b68cdb51288ac457e35db4
E:\Xiadie\Xiadie\packages\application\turn-projection.ts,16936,2fc3f675856588b2ae8e6e3eb668f913b43bc9acb892a066b7e59a9e4e375292
E:\Xiadie\Xiadie\planning\Xiadie_V2_v1.1\03_代码参考与复用清单.md,37108,ddf362b98f53530307473d04e3056886e45da27bbe298ac115dcf40793a36145
E:\Xiadie\Xiadie\planning\Xiadie_V2_v1.1\tasks\P02-U01.md,2826,99c5b0ced555d4ee8da4068c10a3e38bbfc6908e57b381a5aa70750a3a2682b1
E:\Xiadie\Xiadie\planning\Xiadie_V2_v1.1\tasks\P02-U02.md,2825,6bdf8ad7f6d7ed5d6d1aa56e3b400f6120ab2d64d06fc1a8e13705aefe4e53d0
E:\Xiadie\Xiadie\plugins\xiadie\.zcode-plugin\plugin.json,130,79c2465cae65293220d5e08e91beead1c8a4bf247bb7d47f5d2afb15d1eaba90
E:\Xiadie\Xiadie\plugins\xiadie\hooks\context.mjs,4597,f8d6bd19ab406bc296b6edc3193945f08c687cafd61ca871279042c14e5d966f
E:\Xiadie\Xiadie\plugins\xiadie\hooks\hooks.json,351,729c69089429928ed50e507a22e2556df81233d04066bf358cd03bfd1fc1491b
E:\Xiadie\Xiadie\plugins\xiadie\marketplace.json,214,665dddf5c68c68fc6daa74ecdf7d8a213b281172b626545752253e171d0d6302
E:\Xiadie\Xiadie\references\dsh-639ed015\LICENSE,1065,ebb4f09972aee8608be255debaf78451a68e95c290f55c240dec2ecfa16ea6be
E:\Xiadie\Xiadie\references\dsh-639ed015\packages\core\session\src\types.ts,23140,71df05767d4436f7df989a7fe0d634befef54587f1ae63849cc6b28de6921c53
E:\Xiadie\Xiadie\references\dsh-639ed015\packages\hooks\hook-protocol\src\events.ts,4324,9702d8f7d742e61a0720f8292b1fb1d2de1dd36d060c987af741024a59c49e03
E:\Xiadie\Xiadie\references\dsh-639ed015\packages\hooks\hook-protocol\src\runner.ts,4733,987364638ea18d41a946297b067335df8416db4b6e075cf0a7fbf3e87edf1c6c
E:\Xiadie\Xiadie\references\dsh-639ed015\packages\hooks\hook-protocol\src\types.ts,5702,9a65503288c899a523e5178d475455dde7ecfda6f3bffd916a99bbe5f67c1f09
E:\Xiadie\Xiadie\references\dsh-639ed015\packages\hooks\hook-protocol\tests\events.spec.ts,6160,3c523e57fea6602dd24fc5fefbde4503fc9b456b8e841d4bfe48c0a63a9da2c6
E:\Xiadie\Xiadie\references\dsh-639ed015\packages\hooks\hooks-codex\src\index.ts,15338,8b704a7ca4b1e8d0da8049809a0c0c94b3a992e6619b4ee93961f7eacdea5cc1
E:\Xiadie\Xiadie\references\dsh-639ed015\packages\hooks\hooks-codex\tests\bridge.spec.ts,13758,43cc379bfb66297a2e1b80b366a5fc68498243fce4ceb055cfd15a45a5fdad12
E:\Xiadie\Xiadie\references\dsh-639ed015\packages\sdk\client\src\api.ts,12475,943f0326dbf1415b50b879fdd538c0bcd38f20bd37ea6fec397b14099c2c8987
E:\Xiadie\Xiadie\references\dsh-639ed015\packages\sdk\client\src\types.ts,3750,c0aea2b90cccdeb26aaa3840cfd403f082dbc5eae060c4bbfb35d45a5585a0fc
E:\Xiadie\Xiadie\references\dsh-639ed015\packages\sdk\client\tests\sdk-client.spec.ts,33177,5d38644adb4280bcbde5bb43ae47d2cba44ad694612cb068c09356b91f5e17e0
E:\Xiadie\Xiadie\references\dsh-639ed015\packages\sdk\protocol\src\types.ts,4783,9a9ab6172ff2a45b7a07adf75611aa8f42ae1bb98bd4ad598d8bdc5f618053d7
E:\Xiadie\Xiadie\references\dsh-639ed015\packages\sdk\server\src\server.ts,12621,489ad060e5ca17901ac5336f9b7871b7397d1476e1258f69b0f3b22dba6f4238
E:\Xiadie\Xiadie\references\dsh-639ed015\README.md,2673,0f5516be2acde776f05572cbc8c3093c90549afe04ce118e11157d073d5d15f4
E:\Xiadie\Xiadie\references\herta-4623df12\LICENSE,2751,bb1f011bb44b82acdcb078fdfcc2f7b6185c930b69a1ee275b518e79e32aea82
E:\Xiadie\Xiadie\references\herta-4623df12\packages\herta\src\narrative\actor-prompt.test.ts,30605,1fb7f1744239946c523c6b8af2ec097aaf1695298525847b08d72e3025d07c7c
E:\Xiadie\Xiadie\references\herta-4623df12\packages\herta\src\narrative\actor-prompt.ts,19295,61430188aa2ee199bc4e7aaccb22b5b6385a3087836b51e2191288e159c159cf
E:\Xiadie\Xiadie\references\herta-4623df12\packages\knowledge\src\dream\manifest.test.ts,13057,0ef38f61a62e2c7fb24601f0fca3a7184b56b879ecd4fbcbfb6d803201b57e93
E:\Xiadie\Xiadie\references\herta-4623df12\packages\knowledge\src\dream\manifest.ts,12782,ad389160795e47928260db61e41ad86a0fe64643b88e95c1720fb50a70416aed
E:\Xiadie\Xiadie\references\herta-4623df12\packages\knowledge\src\dream\run-dream-pass.test.ts,109117,0f01ab79302a9636875a46b460dab84d6037dedbe89444454c4cfad4f4fb8422
E:\Xiadie\Xiadie\references\herta-4623df12\README.md,9282,528091dff215c3bbf872971e127fa246179af33bf65b8cd5f6b804f932403645
E:\Xiadie\Xiadie\references\zcode-29628c9\LICENSE,11546,fa36dc312bc4946b1c22dba3c726ad8d3052b353f81424e7b997dbb3d9b40a49
E:\Xiadie\Xiadie\references\herta-4623df12\package.json,1178,d4abd6e904918ea1e1065560f7dcff910ef31a74803a1cfcb4a2a57507419e33
E:\Xiadie\Xiadie\references\herta-4623df12\packages\knowledge\package.json,670,e8f3d77bb957290af29a1246b9fbd9ff6e3c7a35e6bbd186ab0800d06c2e3721
E:\Xiadie\Xiadie\references\herta-4623df12\packages\herta\package.json,445,3acbe475a6fa586bdb73aeee58bb8770b9e0fd55e3c7a36f5fcf39c2d9f7f1cc
E:\Xiadie\Xiadie\references\herta-4623df12\packages\core\package.json,515,ce184981657444881c2d59093ab01acae348916ab304d91397d974f428aa98d6
E:\Xiadie\Xiadie\references\herta-4623df12\pnpm-workspace.yaml,1195,68b2e696804a0d5efa08f6ad30f8c7983d872c6c2a16b023e45ec3f5943c364d
E:\Xiadie\Xiadie\references\dsh-639ed015\package.json,17200,a303ffb8994be8e7a874bc887db1abd47a77a6e08872e65f1d65281f43eab91b
E:\Xiadie\Xiadie\references\dsh-639ed015\packages\core\session\package.json,1716,ac6fe6cf7778add8f4e97494c9eb7379880b57823836454a70f797ee5382d047
E:\Xiadie\Xiadie\references\dsh-639ed015\packages\hooks\hook-protocol\package.json,1341,3039f93d8a0a2b1a2996ba37625a3d429f0d4b2dddb7d70c4ad5963aad3f7c4b
E:\Xiadie\Xiadie\references\dsh-639ed015\packages\sdk\client\package.json,1262,59c49c60bfb4c93088d0dc60af4786bd76a6b683ba4330b7e02998111ebe8e21
E:\Xiadie\Xiadie\references\dsh-639ed015\pnpm-workspace.yaml,5411,8486cab8bfbba2b0f740eac3d5109132b18a3bd53d3b07aebf441e4f1462eb4e
E:\Xiadie\Xiadie\references\dsh-639ed015\scripts\install-lefthook.mjs,28528,f3db8265995d47d886e7367035cf46e50be77ec7700eda17d07b3aa22b8f1f20
